interview__key,region,milieu,score_actifs,asset_any_na
96-41-43-98,KOLDA,1,1,0
81-94-68-93,KOLDA,1,1,0
62-40-78-49,KOLDA,1,2,0
43-26-29-71,KAFFRINE,1,2,0
75-92-60-40,KOLDA,1,1,0
56-70-66-78,KOLDA,1,2,0
21-45-74-38,KOLDA,1,3,0
65-80-78-58,KOLDA,1,1,0
48-98-01-32,KOLDA,1,3,0
97-72-24-94,KAFFRINE,1,1,0
44-88-65-80,LOUGA,1,2,0
23-56-84-15,LOUGA,1,2,0
73-15-93-84,KOLDA,1,5,0
38-20-61-24,KOLDA,1,2,0
52-29-42-12,KOLDA,1,3,0
51-84-90-01,LOUGA,1,2,0
68-28-76-00,KOLDA,1,2,0
89-96-72-51,LOUGA,1,1,0
01-52-67-44,KAFFRINE,1,1,0
99-76-96-32,LOUGA,1,2,0
57-23-62-30,KOLDA,1,3,0
45-63-27-95,KAFFRINE,1,3,0
28-70-08-37,KOLDA,1,3,0
51-68-43-10,KOLDA,1,2,0
25-11-52-28,KOLDA,1,4,0
97-21-19-20,KAFFRINE,1,2,0
01-78-24-09,SAINT LOUIS,1,1,0
11-99-14-60,KOLDA,1,1,0
03-58-11-30,KOLDA,1,2,0
43-90-91-63,KOLDA,1,2,0
00-24-15-87,KOLDA,1,5,0
55-33-13-64,KOLDA,1,1,0
89-69-15-28,KOLDA,1,1,0
33-86-49-73,KOLDA,1,3,0
34-44-59-29,KOLDA,1,1,0
25-90-81-96,KOLDA,1,2,0
69-48-05-73,SEDHIOU,1,5,0
92-97-38-24,SEDHIOU,1,3,0
12-86-25-63,SEDHIOU,1,4,0
09-50-21-61,SAINT LOUIS,1,1,0
34-64-32-46,SEDHIOU,1,4,0
67-85-39-86,SAINT LOUIS,1,2,0
83-82-70-13,SEDHIOU,1,5,0
28-42-48-13,SEDHIOU,1,4,0
38-32-91-03,SAINT LOUIS,1,2,0
78-87-80-26,SAINT LOUIS,1,1,0
90-96-06-73,SAINT LOUIS,1,1,0
95-82-70-86,SAINT LOUIS,1,1,0
98-21-26-24,KOLDA,1,2,0
87-39-36-51,KOLDA,1,2,0
95-64-02-62,SAINT LOUIS,1,1,0
27-11-99-28,KOLDA,1,2,0
47-27-43-85,SAINT LOUIS,1,2,0
75-93-62-21,KOLDA,1,3,0
85-45-36-13,SAINT LOUIS,1,1,0
90-99-46-42,KOLDA,1,2,0
70-97-98-00,KOLDA,1,2,0
77-95-29-91,SAINT LOUIS,1,1,0
87-92-38-90,KOLDA,2,3,0
44-32-21-92,KOLDA,1,1,0
94-29-86-55,KOLDA,1,3,0
17-54-70-78,KOLDA,1,2,0
16-63-11-24,KOLDA,1,2,0
33-52-54-03,KOLDA,1,1,0
99-85-06-87,KOLDA,1,1,0
20-14-26-48,KOLDA,1,1,0
56-23-62-24,ZIGUINCHOR,1,1,0
72-51-73-39,KOLDA,1,3,0
75-80-19-36,KOLDA,1,1,0
12-97-53-18,TAMBACOUNDA,1,2,0
73-70-75-71,KOLDA,1,3,0
37-80-89-19,KAFFRINE,1,5,0
84-55-36-41,KOLDA,1,3,0
55-74-33-14,ZIGUINCHOR,1,1,0
68-72-69-62,KOLDA,1,3,0
24-34-23-11,KOLDA,1,1,0
19-77-69-22,KAFFRINE,1,2,0
89-71-28-41,LOUGA,1,1,0
64-13-55-22,KOLDA,1,1,0
42-90-69-84,KOLDA,1,2,0
31-91-72-52,KOLDA,1,1,0
35-63-43-65,KOLDA,1,2,0
27-80-29-86,KOLDA,1,1,0
82-87-71-06,KAFFRINE,1,1,0
15-09-23-55,KOLDA,1,4,0
00-11-37-86,KOLDA,1,3,0
50-00-31-64,TAMBACOUNDA,1,1,0
82-20-97-63,KOLDA,1,1,0
81-75-95-76,SEDHIOU,1,3,0
36-30-62-88,KOLDA,1,2,0
51-70-78-26,SEDHIOU,1,5,0
90-27-40-08,KOLDA,1,1,0
14-58-55-10,KOLDA,1,2,0
44-89-45-00,ZIGUINCHOR,1,3,0
73-89-26-98,KOLDA,1,1,0
42-00-63-85,ZIGUINCHOR,1,1,0
76-66-25-80,KOLDA,1,3,0
49-39-20-94,SEDHIOU,1,6,0
32-48-15-25,KOLDA,1,1,0
05-44-18-95,THIES,1,2,0
82-65-62-70,THIES,1,1,0
45-11-10-77,KOLDA,1,2,0
56-61-21-78,THIES,1,2,0
76-40-23-29,KOLDA,1,3,0
08-79-61-37,THIES,2,8,0
79-29-04-88,ZIGUINCHOR,1,3,0
08-28-16-93,THIES,1,1,0
14-11-57-48,KOLDA,1,0,0
42-20-33-94,SEDHIOU,1,5,0
46-62-32-77,KOLDA,1,2,0
40-20-84-56,ZIGUINCHOR,1,1,0
97-84-83-29,KOLDA,1,2,0
24-15-13-10,SEDHIOU,1,5,0
45-80-99-97,SEDHIOU,1,3,0
78-56-75-93,THIES,1,1,0
27-54-88-47,SEDHIOU,1,3,0
86-88-58-53,THIES,1,2,0
59-13-03-75,SAINT LOUIS,1,4,0
71-01-35-66,THIES,1,3,0
68-97-84-95,ZIGUINCHOR,1,1,0
29-56-98-70,SEDHIOU,1,4,0
57-08-58-57,THIES,2,5,0
33-71-71-87,THIES,1,2,0
87-71-59-07,LOUGA,1,2,0
56-70-08-88,SEDHIOU,1,3,0
42-16-33-48,THIES,1,2,0
92-64-25-05,LOUGA,1,2,0
90-90-48-06,THIES,1,4,0
18-30-68-36,SAINT LOUIS,1,2,0
96-40-15-19,THIES,1,3,0
47-24-78-00,SAINT LOUIS,1,2,0
29-54-92-04,THIES,1,2,0
34-09-98-55,THIES,1,1,0
32-29-03-36,THIES,1,2,0
09-60-96-20,THIES,1,2,0
88-00-69-19,SAINT LOUIS,1,4,0
66-08-27-39,ZIGUINCHOR,1,1,0
18-16-71-23,THIES,1,1,0
80-45-20-60,LOUGA,1,1,0
30-18-55-34,ZIGUINCHOR,1,1,0
97-84-88-90,KOLDA,1,2,0
06-15-52-28,ZIGUINCHOR,1,3,0
51-87-37-88,THIES,1,1,0
98-91-96-31,SEDHIOU,1,3,0
32-84-23-57,LOUGA,1,3,0
24-88-00-73,KOLDA,1,0,0
34-31-74-61,KOLDA,1,3,0
77-65-22-11,SEDHIOU,1,3,0
70-59-73-21,THIES,1,2,0
53-15-97-70,KOLDA,1,2,0
11-58-84-83,FATICK,1,3,0
51-46-40-07,THIES,2,3,0
69-65-91-07,ZIGUINCHOR,1,1,0
21-41-12-91,SEDHIOU,1,7,0
31-65-44-53,KOLDA,1,2,0
80-42-53-42,KOLDA,1,0,0
66-40-88-37,FATICK,1,1,0
78-41-02-86,LOUGA,1,3,0
11-43-80-75,SEDHIOU,1,4,0
75-36-12-71,SEDHIOU,1,3,0
45-60-77-83,THIES,1,0,0
92-36-52-49,KOLDA,1,2,0
85-97-57-07,SEDHIOU,1,2,0
41-20-56-86,SEDHIOU,1,2,0
99-36-19-11,LOUGA,1,1,0
40-69-66-30,SEDHIOU,1,3,0
21-98-21-80,SEDHIOU,1,5,0
67-72-78-46,THIES,1,1,0
25-33-75-40,KOLDA,1,1,0
45-98-09-38,KOLDA,1,3,0
26-24-57-93,KOLDA,1,4,0
97-93-48-87,FATICK,1,6,0
55-22-78-62,THIES,1,1,0
03-19-49-44,KOLDA,1,7,0
26-03-66-19,SEDHIOU,NA,0,1
20-33-37-49,ZIGUINCHOR,1,2,0
35-23-40-45,ZIGUINCHOR,1,1,0
83-07-38-80,THIES,1,2,0
53-56-32-64,LOUGA,1,2,0
27-97-16-71,SEDHIOU,1,4,0
24-09-31-27,LOUGA,1,1,0
20-73-18-62,ZIGUINCHOR,1,1,0
21-00-16-03,SEDHIOU,1,2,0
16-52-55-13,ZIGUINCHOR,1,1,0
68-24-00-29,KOLDA,1,2,0
66-30-94-15,THIES,1,3,0
67-12-60-29,ZIGUINCHOR,1,2,0
28-80-70-88,SEDHIOU,1,2,0
74-64-30-08,ZIGUINCHOR,1,1,0
78-89-51-16,THIES,1,1,0
15-23-77-70,SEDHIOU,1,2,0
13-85-48-93,THIES,1,2,0
12-06-81-22,THIES,1,2,0
46-27-38-10,ZIGUINCHOR,1,2,0
20-23-45-13,KOLDA,1,1,0
53-10-04-49,THIES,1,2,0
51-16-75-82,LOUGA,1,2,0
11-00-08-65,SEDHIOU,1,2,0
13-98-85-62,KOLDA,1,3,0
95-04-43-18,LOUGA,1,3,0
93-45-34-09,THIES,1,1,0
48-06-79-34,SEDHIOU,1,2,0
96-32-96-36,THIES,1,2,0
70-12-84-12,LOUGA,1,2,0
98-55-03-72,LOUGA,1,2,0
63-42-45-36,ZIGUINCHOR,1,1,0
96-36-53-55,THIES,1,2,0
27-22-71-22,THIES,1,2,0
84-19-99-83,SEDHIOU,1,3,0
48-91-73-26,ZIGUINCHOR,1,2,0
60-53-39-62,THIES,1,2,0
14-48-13-72,SEDHIOU,1,4,0
26-75-32-45,LOUGA,1,2,0
94-09-07-23,ZIGUINCHOR,1,2,0
11-62-17-47,ZIGUINCHOR,1,3,0
48-80-67-13,SEDHIOU,1,1,0
45-76-33-27,KOLDA,1,1,0
91-69-15-32,SEDHIOU,1,2,0
23-30-96-00,THIES,1,0,1
32-94-11-82,SEDHIOU,1,5,0
37-85-92-62,KOLDA,1,1,0
54-44-41-87,KOLDA,1,1,0
00-31-86-67,SEDHIOU,1,3,0
90-73-23-24,KOLDA,1,1,0
15-37-29-78,SEDHIOU,1,3,0
56-68-74-27,SEDHIOU,1,3,0
07-33-87-67,SEDHIOU,1,2,0
77-02-23-06,KOLDA,1,1,0
48-74-70-52,SEDHIOU,1,3,0
16-20-79-49,KOLDA,1,3,0
23-75-91-59,SEDHIOU,1,2,0
33-45-20-14,KOLDA,1,1,0
36-07-94-25,ZIGUINCHOR,1,2,0
31-41-88-95,KOLDA,1,2,0
00-94-09-13,ZIGUINCHOR,1,2,0
20-71-46-91,SEDHIOU,1,2,0
46-82-66-06,KOLDA,1,1,0
12-96-22-72,KOLDA,1,2,0
41-77-36-18,KOLDA,1,0,0
78-03-42-52,SEDHIOU,NA,1,0
59-84-18-38,ZIGUINCHOR,1,2,0
27-22-10-01,KOLDA,1,3,0
67-44-11-44,KOLDA,1,2,0
73-12-65-67,SEDHIOU,1,2,0
30-76-91-10,KOLDA,1,2,0
18-39-12-09,ZIGUINCHOR,1,1,0
08-46-20-12,LOUGA,1,6,0
37-40-43-70,KOLDA,1,1,0
01-51-26-76,ZIGUINCHOR,1,2,0
55-73-04-47,ZIGUINCHOR,1,1,0
41-53-90-61,THIES,1,5,0
02-74-75-93,KOLDA,1,2,0
86-30-55-79,ZIGUINCHOR,1,2,0
90-91-91-55,ZIGUINCHOR,1,2,0
46-26-77-44,SEDHIOU,1,4,0
61-13-37-30,ZIGUINCHOR,1,1,0
51-45-69-55,LOUGA,1,2,0
77-36-03-59,LOUGA,1,2,0
39-25-35-58,ZIGUINCHOR,1,3,0
49-49-38-91,KOLDA,1,3,0
78-02-24-37,THIES,1,1,0
55-12-68-72,SEDHIOU,1,2,0
81-14-82-64,ZIGUINCHOR,1,2,0
76-82-89-14,LOUGA,1,1,0
68-94-64-70,THIES,1,2,0
97-06-92-02,LOUGA,1,2,0
55-16-55-96,ZIGUINCHOR,1,2,0
45-02-98-13,ZIGUINCHOR,1,1,0
35-54-39-98,KOLDA,1,1,0
49-15-48-55,ZIGUINCHOR,1,2,0
16-33-88-76,ZIGUINCHOR,1,1,0
52-07-77-75,LOUGA,1,1,0
75-49-88-51,THIES,1,1,0
94-71-65-55,FATICK,1,1,0
09-66-93-51,ZIGUINCHOR,1,3,0
77-60-16-82,KOLDA,1,3,0
58-01-31-37,THIES,1,2,0
38-13-40-42,ZIGUINCHOR,1,1,0
60-80-50-53,THIES,1,2,0
02-83-27-98,ZIGUINCHOR,1,4,0
27-55-31-28,KOLDA,1,1,0
46-53-98-17,FATICK,1,2,0
64-67-83-64,THIES,1,0,0
23-75-03-88,KOLDA,1,3,0
87-01-83-86,FATICK,1,2,0
02-21-83-50,ZIGUINCHOR,1,2,0
20-10-00-22,THIES,1,1,0
32-94-25-66,KOLDA,1,4,0
56-47-63-92,ZIGUINCHOR,1,1,0
91-87-43-59,ZIGUINCHOR,1,2,0
30-15-78-15,ZIGUINCHOR,1,1,0
24-48-82-24,SEDHIOU,1,2,0
94-82-62-85,SEDHIOU,1,6,0
82-34-07-73,FATICK,1,4,0
00-28-71-57,KOLDA,1,2,0
39-59-07-20,LOUGA,1,2,0
91-50-26-85,SEDHIOU,1,3,0
36-76-81-05,ZIGUINCHOR,1,2,0
83-14-23-28,ZIGUINCHOR,1,2,0
45-19-18-63,KOLDA,1,2,0
28-59-96-25,SEDHIOU,1,4,0
94-57-09-02,FATICK,1,3,0
40-35-27-23,ZIGUINCHOR,1,1,0
57-45-67-04,KOLDA,1,3,0
68-77-48-49,FATICK,1,2,0
43-19-66-70,SEDHIOU,1,3,0
99-70-99-36,ZIGUINCHOR,1,2,0
08-24-25-99,FATICK,1,3,0
88-21-15-78,KOLDA,1,2,0
74-55-22-16,SEDHIOU,1,3,0
12-20-65-96,ZIGUINCHOR,1,1,0
22-49-85-82,FATICK,1,3,0
92-83-17-58,KOLDA,1,0,0
55-82-44-87,SEDHIOU,1,4,0
39-75-72-35,ZIGUINCHOR,NA,2,0
42-00-89-19,ZIGUINCHOR,1,1,0
12-44-98-96,KOLDA,1,2,0
71-32-29-43,KOLDA,1,1,0
28-12-08-16,ZIGUINCHOR,1,2,0
54-10-35-98,KOLDA,1,4,0
86-34-32-16,LOUGA,1,2,0
41-64-01-98,KOLDA,1,3,0
09-24-19-58,KOLDA,1,3,0
84-55-37-16,ZIGUINCHOR,1,1,0
68-26-98-15,KOLDA,1,1,0
47-06-73-79,ZIGUINCHOR,1,2,0
38-35-83-76,LOUGA,1,4,0
99-79-76-74,ZIGUINCHOR,1,2,0
46-29-64-46,SEDHIOU,1,3,0
14-15-40-04,LOUGA,1,2,0
84-73-95-24,KOLDA,1,2,0
58-67-64-38,ZIGUINCHOR,1,1,0
75-12-60-35,KOLDA,1,2,0
44-75-46-92,KOLDA,1,5,0
50-81-81-06,ZIGUINCHOR,1,4,0
52-45-29-92,THIES,1,2,0
00-27-63-56,KOLDA,1,1,0
06-91-15-18,LOUGA,1,1,0
18-72-11-37,FATICK,1,1,0
26-61-42-62,ZIGUINCHOR,1,3,0
85-77-97-73,KOLDA,1,3,0
40-43-99-79,ZIGUINCHOR,1,4,0
99-33-20-12,LOUGA,1,2,0
50-08-18-57,ZIGUINCHOR,1,2,0
34-31-71-93,KOLDA,1,2,0
92-48-25-06,KOLDA,1,2,0
38-95-36-64,KOLDA,1,0,0
41-04-27-36,FATICK,1,3,0
22-53-96-64,KOLDA,1,2,0
65-01-44-01,LOUGA,1,3,0
10-30-29-62,LOUGA,1,2,0
08-96-11-09,THIES,1,2,0
14-36-34-99,KOLDA,1,1,0
34-12-08-95,KOLDA,1,2,0
17-69-79-14,THIES,1,2,0
61-05-22-41,KOLDA,1,1,0
51-38-23-22,KOLDA,1,3,0
06-60-69-39,FATICK,1,4,0
38-10-14-34,ZIGUINCHOR,1,2,0
74-21-70-97,KOLDA,1,2,0
07-25-18-11,KOLDA,1,2,0
30-77-38-25,KOLDA,NA,0,1
78-11-74-44,THIES,1,2,0
68-76-46-07,KOLDA,1,3,0
04-99-79-55,KOLDA,1,2,0
66-82-27-72,FATICK,1,1,0
15-18-37-33,KOLDA,1,2,0
14-33-74-77,KOLDA,1,2,0
51-82-23-52,FATICK,1,2,0
97-35-15-17,LOUGA,1,2,0
06-37-35-78,KOLDA,1,1,0
81-08-82-61,KOLDA,1,2,0
04-31-05-95,LOUGA,1,3,0
82-56-90-12,KOLDA,1,2,0
68-19-68-07,LOUGA,1,6,0
40-74-80-54,THIES,1,2,0
91-65-70-27,KOLDA,1,2,0
40-27-24-61,KOLDA,1,1,0
78-65-20-83,THIES,1,2,0
38-75-33-44,FATICK,1,2,0
52-17-54-94,KOLDA,1,2,0
44-31-64-43,LOUGA,1,1,0
80-94-52-28,LOUGA,1,3,0
87-38-33-05,ZIGUINCHOR,1,1,0
63-53-89-88,LOUGA,1,1,0
76-16-71-71,ZIGUINCHOR,1,5,0
79-11-37-72,KOLDA,1,2,0
58-16-76-77,THIES,1,3,0
93-95-87-17,THIES,1,2,0
48-97-86-72,LOUGA,1,1,0
59-45-50-04,ZIGUINCHOR,1,2,0
86-26-06-27,THIES,1,2,0
35-89-56-28,ZIGUINCHOR,1,2,0
25-52-48-75,FATICK,1,1,0
91-54-06-17,KOLDA,1,3,0
04-09-28-68,ZIGUINCHOR,1,3,0
12-87-91-43,ZIGUINCHOR,1,2,0
88-50-30-12,SAINT LOUIS,1,1,0
66-47-94-07,KOLDA,1,1,0
05-42-56-82,THIES,1,1,0
85-95-83-84,LOUGA,1,3,0
99-65-78-34,ZIGUINCHOR,1,1,0
24-54-99-98,KOLDA,1,1,0
94-33-81-05,ZIGUINCHOR,1,0,0
67-92-42-84,ZIGUINCHOR,1,2,0
63-14-10-20,THIES,1,3,0
54-44-37-25,SEDHIOU,1,4,0
63-94-63-41,KOLDA,1,2,0
14-42-79-74,ZIGUINCHOR,1,2,0
01-24-45-92,KOLDA,1,2,0
68-90-04-20,MATAM,NA,0,1
91-37-46-77,ZIGUINCHOR,1,3,0
70-86-53-11,KOLDA,1,5,0
04-10-86-90,THIES,1,5,0
01-37-46-19,ZIGUINCHOR,1,1,0
74-86-37-59,LOUGA,1,2,0
67-51-37-33,SEDHIOU,1,4,0
69-65-30-82,KOLDA,1,2,0
70-97-50-35,ZIGUINCHOR,1,1,0
83-24-80-55,ZIGUINCHOR,1,1,0
45-74-61-85,KOLDA,1,3,0
71-72-76-21,ZIGUINCHOR,1,1,0
77-91-50-06,KOLDA,1,3,0
50-05-06-41,ZIGUINCHOR,1,4,0
59-95-30-21,TAMBACOUNDA,1,1,0
16-78-20-34,LOUGA,1,1,0
79-07-36-16,ZIGUINCHOR,1,3,0
83-28-94-93,ZIGUINCHOR,1,5,0
94-56-92-17,KAFFRINE,1,5,0
36-47-81-09,ZIGUINCHOR,1,1,0
88-94-07-81,ZIGUINCHOR,1,1,0
06-32-97-92,LOUGA,1,3,0
70-51-94-31,THIES,1,3,0
27-55-23-42,KOLDA,1,3,0
34-38-15-44,THIES,1,5,0
29-99-82-36,TAMBACOUNDA,1,1,0
67-77-81-81,THIES,1,4,0
36-94-12-67,THIES,1,4,0
64-78-61-52,TAMBACOUNDA,1,1,0
83-69-70-79,KAFFRINE,1,2,0
53-33-49-68,THIES,1,6,0
47-56-91-99,THIES,1,3,0
68-22-45-45,TAMBACOUNDA,1,0,0
76-44-45-16,THIES,1,0,0
45-71-20-96,KOLDA,1,3,0
36-88-01-27,SEDHIOU,1,1,0
56-66-20-77,LOUGA,1,0,0
44-10-80-33,TAMBACOUNDA,1,2,0
00-97-03-03,KOLDA,1,3,0
89-71-21-00,SEDHIOU,1,3,0
28-21-08-98,LOUGA,1,2,0
56-84-35-38,SEDHIOU,1,4,0
24-34-31-41,KOLDA,1,4,0
63-27-78-81,KOLDA,1,3,0
55-04-49-05,SEDHIOU,1,4,0
90-45-66-67,KOLDA,1,2,0
40-65-91-21,LOUGA,1,2,0
53-18-59-86,SEDHIOU,1,2,0
82-90-15-29,KOLDA,1,3,0
43-50-38-25,KOLDA,1,4,0
75-54-80-69,TAMBACOUNDA,1,1,0
12-72-92-97,TAMBACOUNDA,1,1,0
34-21-74-96,KOLDA,1,3,0
79-01-55-32,THIES,1,5,0
78-12-85-56,LOUGA,1,1,0
22-97-00-46,THIES,1,4,0
96-24-70-79,SEDHIOU,1,2,0
59-10-34-48,TAMBACOUNDA,1,1,0
44-14-98-31,KOLDA,1,2,0
66-94-06-72,KOLDA,1,2,0
23-05-27-15,ZIGUINCHOR,1,3,0
27-62-77-08,KOLDA,1,1,0
16-65-25-84,TAMBACOUNDA,1,1,0
00-94-99-40,ZIGUINCHOR,1,3,0
04-48-99-23,LOUGA,1,2,0
41-64-54-12,KOLDA,1,2,0
59-64-06-62,ZIGUINCHOR,1,2,0
69-01-73-60,KOLDA,1,2,0
54-76-02-03,ZIGUINCHOR,1,0,1
54-71-15-98,ZIGUINCHOR,1,1,0
45-90-17-41,TAMBACOUNDA,1,1,0
42-19-82-14,KOLDA,1,4,0
06-79-59-00,KAFFRINE,1,3,0
76-16-29-34,ZIGUINCHOR,1,1,0
95-14-09-44,KOLDA,1,1,0
61-58-54-69,KOLDA,1,2,0
56-39-00-76,KAFFRINE,1,1,0
65-84-57-32,KOLDA,1,2,0
35-64-93-47,KAFFRINE,1,1,0
97-95-35-47,KOLDA,1,3,0
82-77-05-61,THIES,NA,0,0
28-86-25-74,THIES,1,10,0
14-45-30-72,KOLDA,1,1,0
15-28-41-38,KOLDA,1,4,0
23-40-44-01,SEDHIOU,1,3,0
19-03-68-38,KOLDA,1,2,0
46-86-95-96,THIES,1,7,0
19-72-66-49,SEDHIOU,1,3,0
24-52-83-31,THIES,1,4,0
75-40-31-39,THIES,1,4,0
41-23-08-45,LOUGA,1,2,0
37-46-73-37,THIES,1,3,0
21-05-86-47,KOLDA,1,3,0
96-52-27-12,THIES,1,3,0
08-81-70-37,KOLDA,1,3,0
23-74-12-92,KOLDA,1,2,0
15-26-37-85,THIES,1,4,0
48-55-23-86,KOLDA,1,1,0
06-00-75-74,LOUGA,1,0,0
15-97-14-88,KOLDA,1,1,0
88-73-05-25,KOLDA,1,4,0
32-65-02-68,KOLDA,1,2,0
63-79-64-84,SEDHIOU,1,5,0
58-98-99-29,LOUGA,1,1,0
30-97-98-79,KOLDA,1,1,0
07-27-35-02,KOLDA,1,5,0
18-36-08-13,KOLDA,1,4,0
99-27-87-69,KOLDA,1,3,0
51-71-19-35,KOLDA,1,1,0
77-50-38-03,KOLDA,1,2,0
69-93-92-16,KOLDA,1,1,0
40-28-45-62,KOLDA,1,2,0
75-78-72-72,KOLDA,1,1,0
04-30-53-80,LOUGA,1,0,0
33-43-35-57,LOUGA,1,2,0
82-92-69-70,KOLDA,2,2,0
78-56-49-03,LOUGA,1,1,0
26-39-80-91,KOLDA,1,2,0
12-16-09-34,KOLDA,1,5,0
73-73-80-88,KOLDA,2,2,0
00-85-95-23,KOLDA,1,2,0
74-11-00-37,KOLDA,1,1,0
95-34-71-69,LOUGA,1,2,0
21-24-61-00,ZIGUINCHOR,1,1,0
65-74-76-31,KOLDA,1,2,0
07-96-45-77,THIES,1,2,0
36-27-07-25,LOUGA,1,2,0
21-65-54-50,ZIGUINCHOR,1,3,0
73-91-20-65,LOUGA,1,2,0
46-45-32-95,KOLDA,1,2,0
97-14-51-92,ZIGUINCHOR,1,5,0
46-77-35-69,KOLDA,1,1,0
81-05-46-71,THIES,1,3,0
63-54-95-35,KOLDA,1,2,0
01-70-83-84,LOUGA,1,3,0
69-51-25-70,ZIGUINCHOR,1,1,0
82-44-87-84,KOLDA,1,4,0
08-35-78-40,KOLDA,1,2,0
98-76-99-95,THIES,1,1,0
66-02-07-22,KOLDA,1,3,0
03-93-44-12,THIES,2,0,1
75-48-62-02,LOUGA,1,2,0
20-63-26-90,KOLDA,1,1,0
45-27-90-01,ZIGUINCHOR,1,2,0
03-43-09-02,THIES,1,2,0
16-15-86-59,KOLDA,1,2,0
41-09-74-22,KOLDA,1,3,0
91-21-49-97,THIES,1,4,0
29-83-41-02,KOLDA,1,1,0
83-46-12-48,LOUGA,1,1,0
28-74-56-64,THIES,1,3,0
94-50-71-27,LOUGA,1,2,0
40-64-66-65,LOUGA,1,1,0
27-83-09-37,THIES,2,2,0
26-90-90-85,LOUGA,1,2,0
25-98-81-74,ZIGUINCHOR,1,1,0
63-84-04-84,LOUGA,1,1,0
33-85-17-85,LOUGA,1,2,0
98-07-85-26,THIES,1,3,0
92-84-84-18,TAMBACOUNDA,1,2,0
78-76-79-06,LOUGA,1,3,0
75-47-64-97,LOUGA,1,2,0
13-66-25-68,ZIGUINCHOR,1,4,0
52-32-32-90,KOLDA,1,1,0
42-22-30-58,LOUGA,1,2,0
99-92-80-55,THIES,1,2,0
65-82-21-35,KOLDA,1,3,0
19-17-57-38,KOLDA,1,0,0
81-88-70-50,TAMBACOUNDA,1,1,0
43-10-31-22,THIES,1,1,0
05-22-07-67,LOUGA,1,2,0
80-69-84-75,LOUGA,1,2,0
35-83-24-87,THIES,1,5,0
00-12-87-35,TAMBACOUNDA,1,2,0
98-49-75-73,KOLDA,1,3,0
87-04-01-48,THIES,2,0,0
82-19-59-07,KOLDA,1,2,0
81-46-81-24,LOUGA,1,1,0
22-75-07-73,KOLDA,1,2,0
61-97-98-59,ZIGUINCHOR,1,2,0
59-98-54-55,TAMBACOUNDA,1,2,0
85-18-99-23,KOLDA,1,2,0
73-56-63-28,ZIGUINCHOR,1,2,0
13-05-36-81,LOUGA,1,3,0
03-80-87-90,ZIGUINCHOR,1,1,0
26-95-96-18,KOLDA,1,2,0
29-89-65-16,KAFFRINE,1,0,0
22-38-39-03,LOUGA,1,0,0
42-34-78-97,KOLDA,1,0,0
30-94-85-02,TAMBACOUNDA,1,1,0
50-81-66-48,ZIGUINCHOR,1,1,0
45-90-42-39,KOLDA,1,1,0
70-16-66-58,KOLDA,1,3,0
75-27-53-67,KOLDA,1,2,0
99-28-39-30,TAMBACOUNDA,1,1,0
76-96-54-36,KAFFRINE,1,3,0
27-21-43-16,KOLDA,2,3,0
53-23-28-27,ZIGUINCHOR,1,2,0
99-66-03-87,ZIGUINCHOR,1,2,0
09-14-29-39,KOLDA,1,1,0
22-33-39-35,KAFFRINE,1,2,0
24-00-40-35,KOLDA,1,2,0
46-08-78-37,ZIGUINCHOR,1,4,0
21-07-67-56,TAMBACOUNDA,1,2,0
53-28-63-87,THIES,2,4,0
84-73-40-54,SEDHIOU,1,3,0
04-64-48-01,TAMBACOUNDA,1,1,0
73-83-53-03,KOLDA,2,6,0
63-02-44-65,ZIGUINCHOR,1,4,0
96-43-50-78,ZIGUINCHOR,1,4,0
40-21-96-37,ZIGUINCHOR,1,2,0
09-43-89-57,LOUGA,1,2,0
24-51-98-47,TAMBACOUNDA,1,2,0
01-85-29-39,TAMBACOUNDA,1,1,0
20-16-33-92,ZIGUINCHOR,1,2,0
37-29-33-36,ZIGUINCHOR,1,6,0
09-94-99-51,ZIGUINCHOR,1,0,0
89-43-93-60,ZIGUINCHOR,1,2,0
78-05-60-53,ZIGUINCHOR,1,0,0
72-55-61-69,KAFFRINE,NA,1,0
79-86-57-68,LOUGA,1,4,0
30-82-25-73,ZIGUINCHOR,1,1,0
57-89-53-05,THIES,2,1,0
09-57-14-31,LOUGA,1,2,0
44-53-98-42,THIES,1,5,0
64-00-35-90,LOUGA,1,2,0
02-17-82-76,THIES,1,3,0
47-05-58-37,ZIGUINCHOR,1,2,0
38-64-68-86,ZIGUINCHOR,1,2,0
62-95-86-18,ZIGUINCHOR,1,1,0
97-91-30-58,TAMBACOUNDA,1,2,0
60-31-04-11,ZIGUINCHOR,1,2,0
67-27-94-57,ZIGUINCHOR,1,1,0
41-02-43-57,KOLDA,1,2,0
94-51-44-20,ZIGUINCHOR,1,2,0
28-57-42-53,ZIGUINCHOR,1,1,0
55-71-13-02,TAMBACOUNDA,1,1,0
75-28-45-13,KAFFRINE,1,1,0
74-25-26-31,TAMBACOUNDA,1,1,0
59-63-55-09,KAFFRINE,1,1,0
78-39-13-64,TAMBACOUNDA,1,1,0
55-84-35-37,KOLDA,1,3,0
92-63-77-72,TAMBACOUNDA,1,1,0
88-94-11-68,ZIGUINCHOR,1,2,0
27-07-11-00,TAMBACOUNDA,1,3,0
84-42-97-16,TAMBACOUNDA,1,3,0
28-45-11-73,LOUGA,1,2,0
37-25-95-95,TAMBACOUNDA,1,2,0
00-22-44-59,TAMBACOUNDA,1,2,0
01-46-22-13,ZIGUINCHOR,1,2,0
83-32-64-55,ZIGUINCHOR,1,2,0
66-91-64-12,ZIGUINCHOR,1,1,0
35-56-82-32,TAMBACOUNDA,1,1,0
31-25-84-44,ZIGUINCHOR,1,4,0
66-16-41-04,THIES,2,4,0
83-70-45-36,TAMBACOUNDA,1,2,0
87-11-12-53,TAMBACOUNDA,1,1,0
70-15-61-07,ZIGUINCHOR,1,3,0
69-21-20-36,ZIGUINCHOR,1,3,0
41-11-71-95,ZIGUINCHOR,1,3,0
98-70-78-64,TAMBACOUNDA,1,2,0
07-07-80-77,ZIGUINCHOR,1,1,0
56-72-86-60,ZIGUINCHOR,1,5,0
57-71-17-90,TAMBACOUNDA,1,1,0
07-48-42-27,ZIGUINCHOR,1,6,0
84-58-28-46,KOLDA,2,3,0
90-80-20-43,KOLDA,1,1,0
57-33-98-39,KAFFRINE,1,3,0
94-24-71-92,KAFFRINE,1,0,0
13-12-43-06,TAMBACOUNDA,1,4,0
38-79-16-96,TAMBACOUNDA,1,1,0
42-17-29-86,LOUGA,1,2,0
78-56-51-12,KAFFRINE,1,5,0
15-59-60-78,ZIGUINCHOR,1,2,0
65-42-64-73,KOLDA,1,3,0
03-29-91-42,ZIGUINCHOR,1,3,0
25-21-24-06,LOUGA,1,1,0
66-18-61-46,KAFFRINE,1,5,0
70-15-59-83,TAMBACOUNDA,1,1,0
38-38-35-92,TAMBACOUNDA,1,1,0
45-95-02-23,TAMBACOUNDA,1,1,0
66-15-14-01,TAMBACOUNDA,1,1,0
97-52-09-17,ZIGUINCHOR,1,1,0
05-28-32-51,TAMBACOUNDA,1,2,0
18-92-34-46,THIES,2,5,0
66-40-53-21,ZIGUINCHOR,1,1,0
64-03-24-36,KOLDA,1,2,0
82-59-46-21,ZIGUINCHOR,1,2,0
61-14-00-84,LOUGA,1,1,0
86-37-36-84,KAFFRINE,1,5,0
90-46-59-00,LOUGA,1,2,0
55-19-99-59,ZIGUINCHOR,1,2,0
89-01-63-22,KAFFRINE,NA,4,0
29-41-37-31,TAMBACOUNDA,1,1,0
84-70-05-67,KOLDA,2,7,0
32-43-03-64,ZIGUINCHOR,1,1,0
87-52-13-36,ZIGUINCHOR,1,2,0
94-27-05-68,ZIGUINCHOR,1,1,0
87-19-60-21,ZIGUINCHOR,1,2,0
67-66-09-05,KAFFRINE,1,1,0
89-73-11-65,KAFFRINE,1,1,0
20-32-42-76,TAMBACOUNDA,1,1,0
57-04-98-86,ZIGUINCHOR,1,4,0
14-29-38-12,KOLDA,1,3,0
11-59-83-97,KOLDA,1,1,0
88-74-49-45,LOUGA,1,1,0
12-63-24-88,ZIGUINCHOR,1,5,0
71-51-66-63,ZIGUINCHOR,1,8,0
97-19-25-73,KOLDA,1,1,0
84-81-30-40,ZIGUINCHOR,1,0,0
77-41-91-78,TAMBACOUNDA,1,1,0
73-74-03-21,KAFFRINE,1,7,0
87-85-88-99,KOLDA,1,2,0
78-78-69-73,ZIGUINCHOR,1,3,0
56-52-91-74,ZIGUINCHOR,1,9,0
91-80-04-04,TAMBACOUNDA,1,1,0
80-40-58-45,ZIGUINCHOR,1,5,0
72-94-06-02,SEDHIOU,1,4,0
27-61-18-72,TAMBACOUNDA,NA,1,0
98-06-76-10,ZIGUINCHOR,1,1,0
70-05-97-71,TAMBACOUNDA,1,1,0
40-20-46-00,ZIGUINCHOR,1,1,0
61-74-85-18,LOUGA,1,2,0
02-63-05-28,ZIGUINCHOR,1,3,0
24-96-29-97,ZIGUINCHOR,1,2,0
16-73-12-33,KOLDA,1,6,0
24-34-71-88,ZIGUINCHOR,1,1,0
15-57-36-96,TAMBACOUNDA,1,2,0
96-47-61-40,LOUGA,1,2,0
17-23-59-43,KOLDA,1,2,0
41-67-59-60,KOLDA,1,3,0
90-73-95-96,TAMBACOUNDA,1,4,0
84-97-22-29,KAFFRINE,1,3,0
69-21-19-57,TAMBACOUNDA,1,4,0
50-98-26-83,KOLDA,2,2,0
88-03-04-36,KOLDA,2,3,0
15-47-97-72,ZIGUINCHOR,1,2,0
73-20-12-62,LOUGA,1,3,0
61-31-49-23,ZIGUINCHOR,NA,1,0
92-69-96-56,TAMBACOUNDA,1,1,0
44-97-30-19,TAMBACOUNDA,1,1,0
66-65-61-82,ZIGUINCHOR,1,0,0
20-23-38-39,ZIGUINCHOR,1,1,0
81-42-86-16,TAMBACOUNDA,1,3,0
01-82-88-67,ZIGUINCHOR,1,5,0
40-11-73-56,ZIGUINCHOR,1,2,0
40-56-22-96,ZIGUINCHOR,1,1,0
52-47-31-27,TAMBACOUNDA,1,3,0
63-10-29-72,TAMBACOUNDA,1,1,0
11-06-76-44,KAFFRINE,1,1,0
48-71-97-02,KOLDA,1,3,0
81-02-81-92,TAMBACOUNDA,1,2,0
20-69-45-75,ZIGUINCHOR,1,1,0
52-17-30-06,KOLDA,1,2,0
43-06-06-67,ZIGUINCHOR,1,1,0
49-74-63-52,LOUGA,1,1,0
01-89-68-27,KOLDA,1,3,0
70-42-85-99,ZIGUINCHOR,1,1,0
25-71-78-14,TAMBACOUNDA,1,1,0
53-68-71-53,KAFFRINE,1,2,0
40-29-79-86,ZIGUINCHOR,1,2,0
41-93-74-86,TAMBACOUNDA,1,2,0
60-83-01-78,KAFFRINE,NA,2,0
42-52-91-86,ZIGUINCHOR,1,3,0
65-12-96-06,ZIGUINCHOR,1,0,0
36-08-82-79,LOUGA,1,2,0
18-41-49-49,THIES,NA,2,0
39-67-03-35,ZIGUINCHOR,1,2,0
65-86-14-66,TAMBACOUNDA,1,1,0
32-53-24-48,LOUGA,1,4,0
39-92-64-94,THIES,1,2,0
60-15-12-28,ZIGUINCHOR,1,1,0
25-56-31-96,LOUGA,1,2,0
36-47-65-81,THIES,1,2,0
61-74-39-29,KOLDA,1,3,0
86-04-13-56,THIES,2,4,0
38-34-11-21,THIES,1,2,0
49-79-21-15,KOLDA,1,3,0
52-21-00-56,LOUGA,1,2,0
22-23-10-45,THIES,1,6,0
66-52-57-96,KAOLACK,1,3,0
82-80-23-22,ZIGUINCHOR,1,2,0
03-58-59-32,THIES,1,2,0
80-14-00-05,THIES,1,3,0
41-17-30-54,ZIGUINCHOR,1,2,0
88-76-55-84,ZIGUINCHOR,1,3,0
86-06-09-40,ZIGUINCHOR,1,1,0
77-86-22-56,KOLDA,1,3,0
10-48-30-98,THIES,1,3,0
44-01-93-86,ZIGUINCHOR,1,2,0
28-17-44-19,LOUGA,1,2,0
58-50-48-16,KOLDA,1,1,0
96-70-38-54,ZIGUINCHOR,1,3,0
37-23-88-84,KOLDA,1,2,0
48-21-75-93,THIES,1,9,0
92-30-77-03,THIES,2,3,0
53-31-11-90,KOLDA,1,1,0
29-56-48-95,LOUGA,1,2,0
66-06-86-65,ZIGUINCHOR,1,2,0
61-79-65-08,KOLDA,1,1,0
46-77-10-09,THIES,1,4,0
57-11-02-90,THIES,1,3,0
84-47-71-74,ZIGUINCHOR,1,3,0
13-14-53-30,THIES,1,4,0
82-02-03-49,KOLDA,1,2,0
79-40-23-15,THIES,2,2,0
93-15-07-77,ZIGUINCHOR,1,2,0
50-75-72-15,THIES,1,4,0
72-63-67-00,ZIGUINCHOR,1,4,0
59-21-89-83,KOLDA,1,2,0
80-54-46-16,KAOLACK,1,4,0
20-93-54-80,THIES,1,4,0
77-13-53-99,ZIGUINCHOR,1,1,0
44-39-67-16,KAOLACK,1,3,0
20-63-93-96,KOLDA,1,4,0
71-62-54-23,THIES,1,0,0
11-66-05-29,KAOLACK,1,5,0
91-58-19-47,KOLDA,2,4,0
63-24-82-40,KOLDA,1,2,0
25-73-09-27,KOLDA,1,0,1
71-37-51-90,KOLDA,1,2,0
47-48-77-74,KAOLACK,1,6,0
34-43-15-13,KOLDA,1,3,0
91-18-82-55,ZIGUINCHOR,1,4,0
03-51-45-22,KOLDA,1,3,0
41-41-04-95,ZIGUINCHOR,1,2,0
22-70-81-38,KAOLACK,1,6,0
99-92-22-33,THIES,1,2,0
61-60-66-52,ZIGUINCHOR,1,3,0
94-31-13-07,KAFFRINE,1,3,0
24-76-13-02,KAOLACK,1,2,0
20-63-53-83,ZIGUINCHOR,1,2,0
13-42-90-03,KAFFRINE,1,1,0
85-49-08-32,ZIGUINCHOR,1,4,0
29-57-61-21,KAOLACK,1,5,0
55-63-61-89,THIES,1,2,0
76-87-39-48,ZIGUINCHOR,1,4,0
24-23-67-46,KAFFRINE,1,5,0
11-47-42-16,KAOLACK,1,6,0
34-02-95-88,SEDHIOU,1,4,0
58-15-82-36,KAFFRINE,1,1,0
44-63-05-91,KAOLACK,1,7,0
22-91-88-36,KOLDA,1,4,0
78-87-84-50,KAFFRINE,1,2,0
66-01-65-49,ZIGUINCHOR,1,2,0
36-67-63-00,KAOLACK,1,5,0
64-38-11-96,LOUGA,1,2,0
80-95-16-37,KAFFRINE,NA,3,0
56-16-10-73,ZIGUINCHOR,1,1,0
87-16-81-87,KAOLACK,1,3,0
50-55-25-09,KOLDA,1,3,0
01-58-17-58,KAFFRINE,1,1,0
83-14-94-88,KAFFRINE,1,3,0
11-58-11-47,KAOLACK,1,1,0
26-84-82-81,THIES,1,2,0
33-04-93-25,KAOLACK,1,6,0
07-86-05-45,KAFFRINE,1,2,0
09-33-88-03,MATAM,NA,0,1
77-26-30-41,ZIGUINCHOR,1,2,0
38-75-79-36,THIES,1,4,0
64-23-79-00,LOUGA,1,3,0
65-51-06-34,ZIGUINCHOR,1,1,0
29-98-40-15,LOUGA,1,2,0
17-64-59-07,LOUGA,1,2,0
23-54-67-38,MATAM,NA,0,1
47-14-88-32,THIES,1,2,0
39-65-69-42,THIES,1,3,0
97-76-56-16,MATAM,NA,0,1
18-39-92-15,MATAM,NA,0,1
28-37-10-65,MATAM,NA,0,1
15-43-25-77,KOLDA,2,5,0
36-13-29-56,MATAM,NA,0,1
41-11-37-98,MATAM,NA,0,1
64-92-67-85,SEDHIOU,1,3,0
20-81-62-28,ZIGUINCHOR,1,2,0
20-19-94-73,ZIGUINCHOR,1,3,0
26-38-31-28,MATAM,NA,0,1
89-74-06-71,KOLDA,1,5,0
52-94-55-18,ZIGUINCHOR,1,2,0
64-51-35-00,ZIGUINCHOR,1,2,0
82-80-44-92,ZIGUINCHOR,1,3,0
18-07-77-15,ZIGUINCHOR,1,1,0
24-70-71-29,ZIGUINCHOR,1,2,0
93-03-18-25,ZIGUINCHOR,1,1,0
19-44-44-68,ZIGUINCHOR,1,2,0
91-46-32-59,KOLDA,1,1,0
22-38-64-01,ZIGUINCHOR,1,2,0
21-59-49-65,THIES,1,2,0
15-56-80-54,ZIGUINCHOR,1,4,0
72-81-98-43,KOLDA,1,1,0
13-29-73-71,KOLDA,2,4,0
83-53-89-65,ZIGUINCHOR,1,6,0
42-74-45-39,LOUGA,1,2,0
07-92-54-13,MATAM,NA,0,1
81-90-68-62,MATAM,NA,0,1
77-03-79-51,KOLDA,1,0,0
46-77-37-11,KOLDA,1,1,0
55-40-45-22,KAOLACK,1,5,0
77-13-60-19,LOUGA,1,3,0
92-21-57-02,KOLDA,1,4,0
30-05-87-94,KOLDA,1,2,0
97-34-25-11,LOUGA,1,2,0
12-51-72-27,KOLDA,1,2,0
53-40-83-51,MATAM,NA,0,1
19-13-46-76,LOUGA,1,1,0
03-85-47-37,KOLDA,1,2,0
18-24-76-11,KAFFRINE,1,2,0
75-90-38-72,SEDHIOU,1,2,0
05-84-01-30,LOUGA,1,2,0
07-62-02-40,LOUGA,1,2,0
25-25-39-15,ZIGUINCHOR,1,1,0
47-30-41-84,KAFFRINE,NA,1,0
17-60-24-90,LOUGA,1,1,0
06-06-91-93,ZIGUINCHOR,1,1,0
63-59-14-82,ZIGUINCHOR,1,1,0
43-01-86-57,KAFFRINE,1,1,0
37-23-68-00,LOUGA,1,5,0
00-59-17-82,ZIGUINCHOR,1,2,0
72-14-22-47,ZIGUINCHOR,1,5,0
90-55-91-14,KAFFRINE,1,2,0
87-06-38-48,ZIGUINCHOR,1,3,0
89-65-60-72,ZIGUINCHOR,1,1,0
45-65-62-34,KAOLACK,1,5,0
86-46-59-54,KAOLACK,1,5,0
59-63-13-48,THIES,1,4,0
82-44-05-66,THIES,1,3,0
45-66-05-36,ZIGUINCHOR,1,0,1
42-67-20-77,DIOURBEL,1,1,0
50-45-82-76,SEDHIOU,1,0,0
86-53-76-07,LOUGA,1,1,0
46-20-04-46,KOLDA,1,2,0
56-19-49-24,KAFFRINE,1,1,0
46-58-33-24,SEDHIOU,1,1,0
39-16-28-11,LOUGA,1,2,0
33-94-73-14,SEDHIOU,1,3,0
54-00-53-74,SEDHIOU,1,1,0
23-80-58-85,ZIGUINCHOR,1,1,0
63-62-05-45,KAFFRINE,1,0,0
73-79-06-99,SEDHIOU,1,2,0
75-68-33-08,ZIGUINCHOR,1,3,0
34-54-81-42,ZIGUINCHOR,1,1,0
72-19-74-24,KAFFRINE,1,0,0
63-75-46-27,SEDHIOU,1,6,0
47-12-99-79,ZIGUINCHOR,1,1,0
93-21-31-47,ZIGUINCHOR,1,2,0
33-17-68-51,SEDHIOU,1,1,0
36-05-60-37,DIOURBEL,1,1,0
85-31-08-88,KAFFRINE,1,5,0
42-15-22-21,THIES,1,3,0
79-10-93-13,ZIGUINCHOR,1,1,0
26-86-07-19,ZIGUINCHOR,1,0,1
83-52-69-34,KAFFRINE,1,4,0
89-16-64-40,KAFFRINE,1,2,0
81-14-13-81,DIOURBEL,1,2,0
13-81-78-04,DIOURBEL,1,2,0
70-75-45-76,KAFFRINE,1,1,0
53-72-28-47,SEDHIOU,1,1,0
75-95-64-17,DIOURBEL,1,1,0
42-59-44-76,DIOURBEL,1,2,0
51-67-74-78,ZIGUINCHOR,1,2,0
50-56-86-93,KAFFRINE,1,2,0
26-61-22-64,SEDHIOU,1,1,0
99-07-02-92,DIOURBEL,1,2,0
11-38-96-05,SEDHIOU,1,2,0
47-68-29-04,DIOURBEL,1,1,0
62-82-09-97,KAFFRINE,1,3,0
70-40-74-64,DIOURBEL,1,1,0
73-30-17-51,DIOURBEL,1,1,0
95-36-57-20,DIOURBEL,1,1,0
17-61-97-83,DIOURBEL,1,1,0
80-38-91-36,SEDHIOU,1,1,0
36-35-70-35,ZIGUINCHOR,1,2,0
00-60-72-20,SEDHIOU,1,6,0
27-15-38-35,KOLDA,1,1,0
22-47-56-53,ZIGUINCHOR,1,0,1
88-72-88-01,ZIGUINCHOR,1,3,0
98-19-49-08,DIOURBEL,1,1,0
13-94-13-04,ZIGUINCHOR,1,5,0
96-34-47-97,ZIGUINCHOR,1,0,1
39-05-98-47,KAFFRINE,1,0,0
73-59-39-49,ZIGUINCHOR,1,0,1
30-13-99-40,ZIGUINCHOR,1,4,0
17-40-57-05,ZIGUINCHOR,1,0,1
36-87-64-31,ZIGUINCHOR,1,1,0
42-14-20-99,SEDHIOU,1,3,0
87-93-56-58,DIOURBEL,1,1,0
51-99-13-00,ZIGUINCHOR,1,4,0
79-12-82-67,SEDHIOU,1,2,0
66-75-82-27,KAFFRINE,1,1,0
98-57-90-92,SEDHIOU,1,3,0
95-53-73-54,KAFFRINE,1,2,0
78-11-26-93,ZIGUINCHOR,1,2,0
71-88-65-27,SEDHIOU,1,3,0
70-52-53-84,DIOURBEL,1,2,0
43-14-50-55,ZIGUINCHOR,1,2,0
42-72-02-87,KAFFRINE,1,0,0
79-16-09-58,SEDHIOU,1,3,0
79-53-32-10,ZIGUINCHOR,1,0,1
67-43-01-64,ZIGUINCHOR,1,2,0
80-79-91-64,ZIGUINCHOR,1,3,0
76-56-95-79,KAFFRINE,1,1,0
41-25-78-30,SEDHIOU,1,4,0
57-91-64-75,SEDHIOU,1,2,0
70-48-00-63,ZIGUINCHOR,1,1,0
11-13-90-26,ZIGUINCHOR,1,3,0
53-40-80-11,SEDHIOU,1,2,0
21-02-04-97,SEDHIOU,1,2,0
11-55-17-92,ZIGUINCHOR,1,3,0
82-47-37-40,ZIGUINCHOR,1,1,0
50-67-77-05,ZIGUINCHOR,1,1,0
44-22-91-67,SEDHIOU,1,3,0
17-77-25-75,ZIGUINCHOR,1,1,0
76-27-39-47,DIOURBEL,1,2,0
86-21-55-64,SEDHIOU,1,2,0
30-38-86-60,SEDHIOU,1,2,0
26-03-24-20,KAFFRINE,1,2,0
23-19-29-03,ZIGUINCHOR,1,3,0
02-50-54-15,SEDHIOU,1,5,0
87-80-18-33,ZIGUINCHOR,1,4,0
77-87-41-97,ZIGUINCHOR,1,4,0
09-99-87-40,DIOURBEL,1,1,0
71-65-29-78,KOLDA,1,2,0
87-79-66-94,ZIGUINCHOR,1,2,0
00-41-67-87,KOLDA,1,2,0
86-40-72-10,ZIGUINCHOR,1,2,0
94-70-27-96,KAFFRINE,1,1,0
56-29-54-87,ZIGUINCHOR,1,0,0
52-83-00-22,KOLDA,1,4,0
27-31-25-03,SEDHIOU,1,3,0
78-50-47-03,ZIGUINCHOR,1,1,0
49-73-22-82,KAFFRINE,1,2,0
33-46-82-51,KOLDA,1,3,0
44-25-19-77,ZIGUINCHOR,1,6,0
01-65-12-42,ZIGUINCHOR,1,1,0
56-32-09-25,KOLDA,1,3,0
08-27-42-38,ZIGUINCHOR,1,1,0
55-45-73-55,ZIGUINCHOR,1,2,0
90-92-81-34,ZIGUINCHOR,1,0,1
12-74-96-21,SEDHIOU,1,2,0
92-06-82-49,KOLDA,1,2,0
22-49-41-39,ZIGUINCHOR,1,3,0
03-44-87-43,ZIGUINCHOR,1,1,0
42-03-29-67,KAFFRINE,1,0,0
81-96-72-27,KOLDA,1,3,0
24-61-31-84,FATICK,NA,0,1
87-93-91-25,ZIGUINCHOR,1,1,0
94-01-86-79,DIOURBEL,1,2,0
11-08-08-48,KOLDA,1,2,0
38-89-40-44,SEDHIOU,1,3,0
15-83-53-52,SEDHIOU,1,1,0
32-05-14-84,KAFFRINE,1,3,0
71-03-52-02,ZIGUINCHOR,1,1,0
36-48-00-28,KOLDA,1,2,0
64-35-05-27,SEDHIOU,1,3,0
30-15-28-02,ZIGUINCHOR,1,1,0
06-47-57-83,KOLDA,1,2,0
02-50-64-13,SEDHIOU,1,3,0
91-44-57-66,KAFFRINE,1,1,0
63-97-99-73,ZIGUINCHOR,1,1,0
10-28-19-74,KOLDA,1,2,0
28-15-85-35,SEDHIOU,1,2,0
57-66-63-80,DIOURBEL,1,0,0
83-69-32-29,SEDHIOU,1,3,0
26-45-41-42,SEDHIOU,1,3,0
75-91-88-94,SEDHIOU,1,2,0
78-41-34-88,ZIGUINCHOR,1,1,0
38-55-09-83,KAFFRINE,1,1,0
32-78-21-80,SEDHIOU,1,3,0
87-42-74-47,SEDHIOU,1,5,0
24-54-10-50,KAFFRINE,1,3,0
26-65-53-30,SEDHIOU,1,2,0
74-36-56-72,KAFFRINE,1,2,0
27-81-91-04,SEDHIOU,1,2,0
19-30-15-45,DIOURBEL,1,1,0
18-56-25-48,SEDHIOU,1,4,0
92-23-97-74,KAFFRINE,1,1,0
23-33-47-42,DIOURBEL,1,1,0
32-63-78-62,DIOURBEL,1,1,0
06-47-19-04,ZIGUINCHOR,1,4,0
54-49-87-66,DIOURBEL,1,1,0
49-58-68-02,KAFFRINE,1,2,0
34-31-98-11,DIOURBEL,1,1,0
50-30-70-80,ZIGUINCHOR,1,4,0
95-55-54-98,DIOURBEL,1,2,0
50-66-03-16,DIOURBEL,1,1,0
10-81-17-37,KAFFRINE,1,1,0
10-90-63-57,ZIGUINCHOR,1,0,1
64-95-45-62,SEDHIOU,NA,0,1
54-27-54-06,DIOURBEL,1,1,0
56-68-88-53,DIOURBEL,1,1,0
75-37-53-64,KOLDA,1,2,0
12-12-26-52,SEDHIOU,1,1,0
07-84-89-07,DIOURBEL,1,2,0
21-15-94-79,DIOURBEL,1,2,0
88-90-06-48,KAOLACK,2,5,0
36-53-13-72,KOLDA,1,2,0
87-22-40-56,KAOLACK,1,2,0
68-59-32-69,KOLDA,1,1,0
22-51-84-78,KAOLACK,2,5,0
18-57-98-37,SEDHIOU,1,0,0
96-78-05-54,ZIGUINCHOR,1,3,0
82-30-61-58,KAOLACK,2,4,0
71-52-65-98,KOLDA,NA,0,1
57-47-12-60,KOLDA,1,1,0
24-58-10-50,KOLDA,1,2,0
13-68-49-24,KAOLACK,2,6,0
85-57-23-79,KOLDA,1,1,0
52-87-20-48,ZIGUINCHOR,1,3,0
45-43-44-52,KOLDA,1,1,0
80-34-33-07,KAOLACK,2,6,0
29-05-41-82,KOLDA,1,1,0
69-36-77-22,DIOURBEL,1,1,0
93-60-52-04,SEDHIOU,1,2,0
57-70-89-84,DIOURBEL,1,2,0
30-48-75-72,SEDHIOU,1,1,0
06-48-18-51,KOLDA,1,1,0
31-30-15-24,KOLDA,1,2,0
31-74-03-56,KOLDA,NA,0,1
64-19-51-98,KOLDA,1,1,0
27-02-34-28,SEDHIOU,1,1,0
62-66-39-43,ZIGUINCHOR,1,4,0
89-23-12-36,KOLDA,1,2,0
30-89-88-04,SEDHIOU,1,1,0
30-20-44-27,KOLDA,NA,0,1
97-11-35-45,KOLDA,1,2,0
25-51-70-46,KOLDA,1,2,0
55-37-84-94,SEDHIOU,1,1,0
32-86-54-43,KOLDA,1,1,0
94-72-70-62,KOLDA,NA,0,1
45-95-96-41,SEDHIOU,1,2,0
44-75-47-36,KOLDA,1,4,0
74-08-59-39,KOLDA,1,1,0
63-15-50-64,ZIGUINCHOR,1,4,0
31-54-57-05,SEDHIOU,1,1,0
51-56-82-66,KOLDA,1,2,0
08-68-17-68,ZIGUINCHOR,1,1,0
16-80-53-75,KOLDA,1,2,0
59-16-22-88,ZIGUINCHOR,1,2,0
64-77-62-83,ZIGUINCHOR,1,6,0
43-14-18-05,KOLDA,1,1,0
02-79-17-54,ZIGUINCHOR,1,3,0
81-22-85-46,TAMBACOUNDA,1,1,0
57-74-07-65,SEDHIOU,1,4,0
43-92-36-57,KOLDA,1,3,0
55-45-48-55,KOLDA,NA,0,1
32-25-95-12,SEDHIOU,1,1,0
37-09-76-14,TAMBACOUNDA,1,1,0
83-50-21-13,DIOURBEL,1,3,0
15-64-99-73,DIOURBEL,1,2,0
30-31-45-07,SEDHIOU,1,1,0
49-80-59-56,SEDHIOU,1,0,0
91-87-27-74,KOLDA,NA,0,1
73-15-19-38,KOLDA,NA,0,1
33-12-86-83,KOLDA,1,3,0
26-83-63-88,KOLDA,NA,0,1
44-71-50-95,SEDHIOU,NA,0,1
43-13-31-25,DIOURBEL,1,1,0
71-77-17-15,DIOURBEL,1,1,0
66-93-25-25,DIOURBEL,1,1,0
74-32-30-93,KOLDA,1,3,0
23-99-27-71,DIOURBEL,1,1,0
11-82-03-57,ZIGUINCHOR,1,4,0
82-55-84-77,TAMBACOUNDA,1,0,0
35-13-83-78,DIOURBEL,1,2,0
09-17-51-39,KOLDA,NA,0,1
73-97-91-73,DIOURBEL,1,2,0
09-57-21-41,ZIGUINCHOR,1,5,0
58-79-37-44,ZIGUINCHOR,1,2,0
12-44-04-89,SEDHIOU,1,3,0
04-06-07-49,KEDOUGOU,NA,0,1
80-46-65-72,KOLDA,1,4,0
79-93-43-69,KOLDA,1,2,0
72-56-94-65,KOLDA,NA,0,1
33-22-93-92,KOLDA,NA,0,1
92-96-73-64,DIOURBEL,1,1,0
85-40-07-24,KOLDA,1,4,0
85-39-95-08,ZIGUINCHOR,1,4,0
66-90-59-91,ZIGUINCHOR,1,6,0
54-11-13-21,KOLDA,1,2,0
55-23-29-48,KAOLACK,1,2,0
88-88-99-88,DIOURBEL,1,1,0
01-28-43-30,KOLDA,1,3,0
74-51-77-02,KOLDA,1,2,0
17-91-59-31,KOLDA,NA,0,1
60-33-70-00,KOLDA,NA,0,1
90-69-81-06,DIOURBEL,1,3,0
24-75-00-42,KAOLACK,1,2,0
04-64-94-42,TAMBACOUNDA,1,4,0
00-37-76-21,KAOLACK,1,4,0
40-39-03-79,KOLDA,1,4,0
00-10-61-22,DIOURBEL,1,2,0
73-78-19-77,KAOLACK,1,2,0
36-26-08-14,SEDHIOU,1,0,0
69-19-46-13,ZIGUINCHOR,1,1,0
05-51-04-89,KOLDA,1,1,0
33-08-45-54,KOLDA,1,3,0
36-99-96-86,ZIGUINCHOR,1,3,0
74-70-96-78,SEDHIOU,1,1,0
22-53-86-29,KOLDA,1,0,1
62-26-55-30,KEDOUGOU,1,0,1
04-28-67-21,SEDHIOU,1,1,0
34-43-28-32,ZIGUINCHOR,1,1,0
06-26-19-93,KOLDA,1,2,0
19-66-91-16,DIOURBEL,1,1,0
20-14-85-56,SEDHIOU,1,2,0
11-51-20-94,ZIGUINCHOR,1,3,0
28-04-99-40,KOLDA,1,3,0
40-22-32-74,SEDHIOU,1,1,0
28-68-89-13,ZIGUINCHOR,1,1,0
76-36-17-80,KOLDA,1,1,0
42-45-76-93,ZIGUINCHOR,1,2,0
17-79-75-75,DIOURBEL,1,1,0
77-38-87-83,KAOLACK,1,2,0
74-49-62-62,KOLDA,1,1,0
98-56-26-48,DIOURBEL,1,2,0
58-25-99-14,DIOURBEL,1,2,0
08-08-71-36,SEDHIOU,1,3,0
60-39-49-28,KOLDA,1,4,0
75-55-55-71,SEDHIOU,1,6,0
61-01-27-67,KOLDA,1,4,0
26-03-19-86,DIOURBEL,1,1,0
10-77-12-80,KOLDA,1,5,0
37-53-19-46,SEDHIOU,1,2,0
46-05-46-43,DIOURBEL,1,2,0
28-95-98-42,KOLDA,1,2,0
92-46-97-32,SEDHIOU,1,6,0
50-24-28-19,KOLDA,1,3,0
90-32-14-17,ZIGUINCHOR,1,1,0
62-81-77-55,DIOURBEL,1,3,0
54-99-24-23,DIOURBEL,1,5,0
16-87-65-91,KOLDA,1,1,0
32-76-51-34,KOLDA,1,5,0
20-03-07-48,ZIGUINCHOR,1,3,0
01-95-99-57,DIOURBEL,1,4,0
03-13-12-28,KOLDA,1,3,0
19-57-58-52,ZIGUINCHOR,1,3,0
00-03-64-48,DIOURBEL,1,4,0
49-09-64-38,KOLDA,1,2,0
80-59-15-33,ZIGUINCHOR,1,3,0
74-56-93-46,KOLDA,1,4,0
07-01-11-82,KOLDA,1,1,0
98-60-80-24,ZIGUINCHOR,1,4,0
70-58-78-50,KOLDA,NA,0,1
46-92-10-93,SEDHIOU,1,1,0
93-45-37-29,KOLDA,NA,0,1
19-18-54-44,ZIGUINCHOR,1,0,1
27-15-93-84,KOLDA,1,0,0
81-11-75-56,KAOLACK,2,2,0
80-19-86-61,SEDHIOU,1,4,0
50-09-52-14,KAOLACK,1,3,0
77-25-96-03,KOLDA,1,1,0
09-80-92-53,SEDHIOU,1,2,0
24-39-88-94,KAOLACK,1,4,0
17-56-08-80,KAOLACK,1,1,0
19-74-21-83,KOLDA,1,1,0
53-32-06-73,SEDHIOU,1,5,0
07-74-06-06,KAOLACK,1,2,0
32-10-16-53,KOLDA,1,1,0
31-78-71-90,SEDHIOU,1,1,0
46-70-87-10,SEDHIOU,1,6,0
57-68-36-19,ZIGUINCHOR,1,1,0
98-33-97-58,KAOLACK,1,3,0
04-30-78-20,KOLDA,1,2,0
20-67-90-21,ZIGUINCHOR,1,3,0
01-59-05-47,KOLDA,1,1,0
64-09-84-74,KAOLACK,1,2,0
02-87-91-58,SEDHIOU,1,3,0
10-36-70-65,KOLDA,1,1,0
80-56-98-61,ZIGUINCHOR,1,3,0
89-25-04-80,KAOLACK,1,2,0
65-01-48-70,ZIGUINCHOR,1,3,0
74-35-76-42,ZIGUINCHOR,1,5,0
06-00-72-27,KAOLACK,1,2,0
40-10-48-24,SEDHIOU,1,3,0
67-22-50-67,KOLDA,NA,0,1
17-22-62-45,ZIGUINCHOR,1,5,0
08-00-42-86,ZIGUINCHOR,1,5,0
10-34-16-70,ZIGUINCHOR,1,2,0
11-09-46-00,SEDHIOU,1,0,0
42-68-69-65,SEDHIOU,NA,0,1
87-69-38-32,ZIGUINCHOR,1,4,0
69-96-52-95,SEDHIOU,NA,0,1
02-91-50-11,ZIGUINCHOR,1,5,0
19-65-05-44,ZIGUINCHOR,1,2,0
39-24-97-52,DIOURBEL,1,5,0
20-28-64-61,DIOURBEL,1,3,0
24-00-44-33,ZIGUINCHOR,1,6,0
66-29-42-40,KOLDA,NA,0,1
33-49-36-30,ZIGUINCHOR,1,4,0
67-35-77-36,SEDHIOU,1,2,0
61-74-22-70,KAOLACK,1,0,0
49-62-31-70,KOLDA,NA,0,1
64-39-30-85,KOLDA,NA,0,1
96-63-88-75,KOLDA,NA,0,1
96-13-93-56,ZIGUINCHOR,1,4,0
73-50-38-39,KAOLACK,1,2,0
64-78-19-58,KOLDA,NA,0,1
68-74-06-78,SEDHIOU,1,2,0
93-97-50-81,KOLDA,1,2,0
74-26-64-03,ZIGUINCHOR,1,2,0
98-42-69-08,SEDHIOU,1,4,0
88-57-58-50,SEDHIOU,1,2,0
36-57-63-17,SEDHIOU,1,4,0
26-05-13-10,ZIGUINCHOR,1,2,0
90-19-37-56,KOLDA,1,3,0
56-43-52-91,KOLDA,NA,0,1
47-27-07-46,SEDHIOU,1,3,0
46-79-18-52,SEDHIOU,1,5,0
09-83-41-58,KOLDA,NA,0,1
93-27-32-39,KOLDA,1,2,0
37-44-40-24,SEDHIOU,1,2,0
74-87-57-10,SEDHIOU,1,5,0
90-64-94-59,SEDHIOU,NA,0,1
32-32-72-21,ZIGUINCHOR,1,2,0
92-88-20-02,SEDHIOU,NA,0,1
70-81-99-37,SEDHIOU,1,2,0
29-38-27-47,ZIGUINCHOR,1,2,0
80-25-42-33,SEDHIOU,NA,0,1
64-40-60-15,SEDHIOU,NA,1,0
95-50-75-19,KOLDA,1,3,0
38-79-97-04,DIOURBEL,1,2,0
29-15-54-08,SEDHIOU,1,3,0
51-88-27-36,ZIGUINCHOR,1,4,0
34-33-72-16,ZIGUINCHOR,1,4,0
17-54-68-51,DIOURBEL,1,1,0
19-26-92-09,SEDHIOU,1,4,0
87-84-57-03,DIOURBEL,1,2,0
92-84-98-56,KOLDA,1,2,0
66-73-70-97,SEDHIOU,NA,0,1
87-17-63-68,ZIGUINCHOR,1,2,0
71-87-94-84,KAOLACK,1,2,0
11-75-84-17,ZIGUINCHOR,1,1,0
92-25-60-72,ZIGUINCHOR,1,3,0
35-39-32-26,DIOURBEL,1,2,0
98-81-65-20,KAOLACK,1,1,0
10-81-99-18,SEDHIOU,1,2,0
59-28-15-24,KOLDA,1,1,0
86-61-90-73,DIOURBEL,1,3,0
63-66-83-75,KAOLACK,1,2,0
12-20-37-41,ZIGUINCHOR,1,2,0
60-44-17-17,KAOLACK,1,2,0
68-06-99-66,DIOURBEL,1,2,0
99-93-34-52,ZIGUINCHOR,1,3,0
58-56-67-16,SEDHIOU,1,2,0
03-31-16-92,KOLDA,NA,0,1
38-90-09-48,DIOURBEL,1,2,0
85-61-43-88,KAOLACK,1,1,0
16-92-71-93,KOLDA,1,1,0
65-61-81-09,KOLDA,NA,0,1
75-97-33-97,KAOLACK,1,2,0
57-13-99-11,SEDHIOU,1,6,0
20-13-96-49,ZIGUINCHOR,1,2,0
36-30-56-44,KAOLACK,1,3,0
37-09-10-64,DIOURBEL,1,3,0
27-88-01-75,SEDHIOU,1,4,0
26-26-13-36,KAOLACK,1,1,0
20-11-41-71,KOLDA,1,1,0
86-61-15-77,KOLDA,NA,0,1
09-26-96-97,KOLDA,1,1,0
74-70-43-72,SEDHIOU,1,5,0
02-48-68-57,SEDHIOU,1,4,0
48-86-94-08,KOLDA,NA,0,1
83-83-84-27,KOLDA,NA,0,1
00-71-95-65,DIOURBEL,1,3,0
90-54-18-48,KOLDA,1,2,0
00-66-54-20,KAOLACK,1,3,0
50-04-10-68,KOLDA,NA,0,1
73-53-23-54,SEDHIOU,NA,0,1
00-40-76-40,KOLDA,1,1,0
91-89-02-35,KAOLACK,1,5,0
72-46-23-42,SEDHIOU,2,5,0
39-72-61-61,KAOLACK,1,3,0
61-55-84-30,ZIGUINCHOR,1,4,0
46-10-21-03,DIOURBEL,1,2,0
71-16-10-39,DIOURBEL,1,3,0
13-22-69-47,KAOLACK,1,5,0
97-88-76-13,SEDHIOU,1,4,0
68-28-10-09,KAOLACK,1,4,0
59-09-46-41,DIOURBEL,1,2,0
31-96-50-12,ZIGUINCHOR,1,3,0
09-12-32-04,KAOLACK,1,2,0
96-50-69-87,SEDHIOU,1,2,0
06-72-21-09,ZIGUINCHOR,2,0,1
76-37-86-41,DIOURBEL,1,2,0
59-71-66-15,ZIGUINCHOR,1,0,1
64-77-32-28,ZIGUINCHOR,1,1,0
54-16-36-51,ZIGUINCHOR,2,0,1
01-25-62-42,SEDHIOU,1,2,0
51-60-16-65,ZIGUINCHOR,2,0,1
94-66-52-77,DIOURBEL,1,2,0
01-08-14-36,ZIGUINCHOR,1,6,0
40-28-91-97,DIOURBEL,1,1,0
97-03-78-46,ZIGUINCHOR,2,3,0
15-53-79-57,ZIGUINCHOR,1,3,0
91-93-21-03,KOLDA,1,1,0
45-00-48-19,ZIGUINCHOR,2,9,0
55-81-23-78,ZIGUINCHOR,1,0,1
86-37-30-75,SEDHIOU,1,4,0
57-57-15-64,ZIGUINCHOR,1,0,1
47-45-27-16,ZIGUINCHOR,1,5,0
96-86-77-18,DIOURBEL,1,4,0
62-11-19-47,DIOURBEL,1,4,0
86-97-88-53,SEDHIOU,1,1,0
49-49-45-26,DIOURBEL,1,2,0
75-46-61-24,SEDHIOU,1,2,0
58-29-57-05,SEDHIOU,1,1,0
14-08-75-52,DIOURBEL,1,2,0
73-31-84-96,KOLDA,1,2,0
30-91-11-61,KOLDA,1,1,0
84-35-68-13,ZIGUINCHOR,1,6,0
97-54-65-78,DIOURBEL,1,3,0
41-35-68-24,KOLDA,1,6,0
57-64-35-33,DIOURBEL,1,2,0
35-89-84-37,ZIGUINCHOR,1,5,0
81-63-17-53,KOLDA,1,3,0
74-26-70-09,THIES,1,0,1
34-42-61-66,KOLDA,1,1,0
89-83-49-75,KOLDA,1,5,0
35-43-96-85,SEDHIOU,1,4,0
37-25-33-89,DIOURBEL,1,3,0
80-07-86-61,SEDHIOU,1,3,0
64-93-37-05,KOLDA,1,3,0
55-54-64-87,DIOURBEL,1,4,0
09-55-15-92,KOLDA,1,2,0
26-13-98-57,SEDHIOU,1,2,0
62-64-76-36,KOLDA,1,0,1
02-20-36-96,KOLDA,1,4,0
73-93-59-44,SEDHIOU,1,2,0
62-47-87-06,DIOURBEL,1,4,0
45-46-11-75,SEDHIOU,1,1,0
13-36-43-88,SEDHIOU,1,3,0
58-71-33-99,KOLDA,1,0,0
70-80-89-32,SEDHIOU,1,2,0
29-15-95-15,DIOURBEL,1,4,0
25-86-00-95,SEDHIOU,1,1,0
18-11-80-26,SEDHIOU,1,3,0
98-54-24-17,SEDHIOU,1,1,0
75-83-91-50,SEDHIOU,1,3,0
60-64-30-00,KOLDA,1,1,0
14-51-00-23,SEDHIOU,1,0,0
55-28-05-39,DIOURBEL,1,5,0
20-96-99-76,SEDHIOU,1,2,0
73-85-87-29,SEDHIOU,1,1,0
84-83-63-19,SEDHIOU,1,2,0
25-29-35-98,SEDHIOU,1,2,0
43-43-72-85,SEDHIOU,1,3,0
68-97-35-57,SEDHIOU,1,3,0
30-04-45-67,SEDHIOU,1,1,0
94-71-05-40,SEDHIOU,1,2,0
66-80-18-13,SEDHIOU,1,2,0
62-00-55-83,SEDHIOU,1,1,0
53-09-67-03,SEDHIOU,1,2,0
84-08-21-88,SEDHIOU,1,2,0
98-41-53-98,SEDHIOU,1,4,0
98-79-77-43,SEDHIOU,1,3,0
17-58-84-00,KOLDA,1,2,0
17-62-00-75,SEDHIOU,1,2,0
20-30-40-94,KOLDA,1,0,1
76-34-36-52,SEDHIOU,1,3,0
02-48-83-27,SEDHIOU,1,3,0
64-92-01-84,SEDHIOU,1,0,1
56-46-87-25,SEDHIOU,1,6,0
83-29-06-02,SEDHIOU,1,6,0
63-63-05-51,SEDHIOU,1,5,0
20-01-49-21,SEDHIOU,NA,0,1
65-48-12-48,KOLDA,1,0,1
69-27-04-16,SEDHIOU,1,1,0
58-30-31-14,KOLDA,1,0,0
03-99-04-27,ZIGUINCHOR,1,0,1
21-75-68-34,SEDHIOU,1,3,0
50-31-49-83,ZIGUINCHOR,1,1,0
70-92-85-81,SEDHIOU,1,2,0
43-04-47-35,SEDHIOU,1,5,0
19-76-02-47,SEDHIOU,1,1,0
77-92-02-81,SEDHIOU,1,4,0
25-43-65-24,SEDHIOU,1,2,0
32-92-56-26,SEDHIOU,2,4,0
37-97-35-60,THIES,1,3,0
54-62-65-88,SEDHIOU,1,2,0
59-27-65-42,THIES,1,3,0
35-44-94-46,SEDHIOU,2,1,0
67-14-89-13,KOLDA,1,1,0
45-08-61-94,SEDHIOU,1,7,0
97-19-88-43,SEDHIOU,2,7,0
93-91-80-62,SEDHIOU,1,3,0
71-05-17-21,KOLDA,1,1,0
45-79-22-60,SEDHIOU,2,3,0
57-91-30-82,KOLDA,1,1,0
40-67-57-10,DIOURBEL,1,1,0
52-94-14-26,SEDHIOU,1,3,0
10-05-24-53,SEDHIOU,2,5,0
64-93-02-89,SEDHIOU,NA,0,1
61-51-63-08,SEDHIOU,NA,0,1
96-54-34-05,KOLDA,1,6,0
85-80-39-85,SEDHIOU,1,2,0
68-14-19-78,KOLDA,NA,0,1
85-33-66-42,SEDHIOU,1,2,0
06-79-79-76,SEDHIOU,1,3,0
64-23-59-32,KOLDA,1,2,0
99-18-16-89,KOLDA,1,2,0
13-06-42-60,SEDHIOU,1,5,0
89-26-93-56,SEDHIOU,1,1,0
68-72-14-38,SEDHIOU,1,3,0
71-97-58-52,KOLDA,1,3,0
89-75-07-31,SEDHIOU,1,2,0
61-68-94-16,KOLDA,NA,1,0
04-84-01-40,SEDHIOU,1,3,0
59-65-76-08,KOLDA,1,2,0
65-98-79-84,SEDHIOU,1,8,0
30-33-24-77,KOLDA,1,1,0
04-15-43-10,DIOURBEL,1,2,0
93-50-79-98,KOLDA,1,1,0
01-56-62-99,KOLDA,1,1,0
43-20-09-31,DIOURBEL,1,2,0
54-12-23-84,SEDHIOU,1,3,0
90-42-46-24,KOLDA,1,1,0
19-68-34-32,DIOURBEL,1,2,0
96-86-90-18,ZIGUINCHOR,1,1,0
56-11-47-85,KOLDA,1,1,0
06-52-09-18,ZIGUINCHOR,1,1,0
40-87-67-99,KOLDA,1,1,0
37-18-19-19,ZIGUINCHOR,1,5,0
84-66-87-73,DIOURBEL,1,0,0
11-15-51-82,SEDHIOU,1,2,0
62-82-20-50,SEDHIOU,1,1,0
97-11-72-97,KOLDA,1,1,0
04-59-35-03,KOLDA,1,4,0
39-46-38-95,THIES,1,2,0
90-69-91-35,KOLDA,1,2,0
73-74-45-24,SEDHIOU,1,3,0
70-21-92-24,KOLDA,1,2,0
16-18-66-70,THIES,1,0,0
59-34-77-48,KOLDA,1,1,0
08-12-40-27,ZIGUINCHOR,1,3,0
81-30-95-70,THIES,1,2,0
54-69-00-75,THIES,1,1,0
60-42-19-29,KOLDA,1,2,0
70-79-86-71,ZIGUINCHOR,1,3,0
47-11-95-61,KOLDA,1,1,0
15-00-60-55,THIES,1,1,0
70-72-64-55,THIES,1,2,0
91-43-48-77,THIES,1,0,0
54-73-50-41,THIES,1,1,0
42-38-79-73,ZIGUINCHOR,1,5,0
87-92-25-73,ZIGUINCHOR,1,2,0
30-77-91-44,THIES,1,3,0
33-11-53-59,THIES,1,2,0
43-83-02-44,THIES,1,0,0
36-51-31-50,SEDHIOU,1,2,0
20-26-92-71,THIES,1,2,0
23-52-42-45,THIES,1,2,0
24-01-63-96,THIES,1,1,0
46-36-80-20,KOLDA,1,0,0
16-26-05-52,THIES,1,2,0
29-83-72-14,KOLDA,1,1,0
00-50-62-00,THIES,1,1,0
16-43-79-10,THIES,1,3,0
18-22-42-93,KOLDA,1,2,0
13-49-80-43,ZIGUINCHOR,1,1,0
86-08-48-11,THIES,1,2,0
34-97-43-92,THIES,1,1,0
87-38-48-56,THIES,1,3,0
16-49-46-57,THIES,1,2,0
01-47-11-21,THIES,1,1,0
85-21-92-40,THIES,1,5,0
02-11-74-61,THIES,1,2,0
67-69-73-09,SEDHIOU,1,1,0
31-09-63-49,SEDHIOU,2,3,0
47-48-41-61,THIES,1,2,0
16-65-00-75,KOLDA,1,2,0
68-98-73-75,SEDHIOU,2,7,0
20-46-25-70,KOLDA,1,2,0
07-77-56-19,KOLDA,1,1,0
11-88-12-40,SEDHIOU,2,4,0
33-99-70-12,THIES,1,2,0
40-50-41-91,KOLDA,1,1,0
63-69-61-64,SEDHIOU,1,2,0
45-37-85-59,SEDHIOU,1,3,0
61-51-13-88,SEDHIOU,1,2,0
48-21-99-28,SEDHIOU,1,2,0
84-42-98-15,SEDHIOU,1,2,0
88-90-89-87,SEDHIOU,1,2,0
51-45-06-63,SEDHIOU,1,3,0
13-76-04-17,SEDHIOU,1,4,0
99-04-18-51,SEDHIOU,1,2,0
80-15-19-68,SEDHIOU,1,4,0
25-21-14-11,SEDHIOU,1,2,0
51-40-65-95,SEDHIOU,1,4,0
70-25-05-61,SEDHIOU,1,2,0
02-78-81-20,SEDHIOU,1,3,0
28-19-34-82,SEDHIOU,1,4,0
60-88-07-00,SEDHIOU,1,3,0
60-12-69-85,THIES,1,5,0
91-22-68-46,SEDHIOU,1,4,0
01-02-33-61,SEDHIOU,1,2,0
34-22-39-26,SEDHIOU,1,5,0
50-03-80-54,THIES,1,3,0
40-99-51-09,SEDHIOU,1,3,0
92-92-19-37,THIES,1,4,0
39-11-46-04,THIES,1,4,0
34-09-90-19,SEDHIOU,1,2,0
63-18-05-72,THIES,1,4,0
43-02-03-29,SEDHIOU,1,3,0
48-89-78-80,SEDHIOU,1,2,0
79-95-76-49,KOLDA,1,1,0
57-04-47-30,THIES,1,4,0
34-98-89-43,KOLDA,1,0,0
10-60-31-74,DIOURBEL,1,4,0
58-35-90-39,THIES,1,4,0
11-89-03-33,ZIGUINCHOR,1,3,0
06-46-80-66,ZIGUINCHOR,1,4,0
71-70-98-13,KOLDA,1,2,0
13-47-57-62,ZIGUINCHOR,1,5,0
83-96-58-60,ZIGUINCHOR,1,7,0
49-65-91-69,SEDHIOU,1,5,0
19-19-59-45,KOLDA,1,4,0
35-00-85-52,ZIGUINCHOR,2,4,0
02-36-49-12,ZIGUINCHOR,2,6,0
13-85-83-30,ZIGUINCHOR,2,2,0
63-43-93-90,ZIGUINCHOR,1,1,0
88-57-14-93,ZIGUINCHOR,1,1,0
85-53-84-03,KOLDA,1,3,0
72-64-38-70,ZIGUINCHOR,1,1,0
10-31-22-66,ZIGUINCHOR,1,1,0
93-75-37-80,ZIGUINCHOR,1,2,0
94-99-48-18,KOLDA,1,3,0
71-38-61-85,ZIGUINCHOR,1,2,0
42-29-83-23,SEDHIOU,1,6,0
23-62-03-38,ZIGUINCHOR,1,2,0
54-87-81-69,SEDHIOU,1,1,0
76-07-86-30,KOLDA,1,1,0
83-66-79-62,ZIGUINCHOR,1,2,0
05-03-89-16,SEDHIOU,1,0,0
16-93-00-19,ZIGUINCHOR,1,2,0
69-42-65-77,SEDHIOU,1,0,0
71-54-46-43,KOLDA,1,1,0
44-63-25-56,ZIGUINCHOR,1,2,0
69-79-31-59,ZIGUINCHOR,1,3,0
50-19-35-86,KOLDA,1,1,0
33-24-70-86,ZIGUINCHOR,1,7,0
15-39-17-07,SEDHIOU,1,2,0
83-99-08-18,SEDHIOU,2,3,0
11-01-10-40,ZIGUINCHOR,1,2,0
60-80-05-25,DIOURBEL,1,3,0
28-57-14-07,ZIGUINCHOR,1,1,0
64-85-49-60,SEDHIOU,2,2,0
20-17-59-72,KOLDA,1,2,0
59-93-32-79,ZIGUINCHOR,1,1,0
12-83-92-63,SEDHIOU,1,0,0
92-58-65-28,THIES,1,0,1
35-61-33-56,ZIGUINCHOR,1,2,0
84-00-54-62,SEDHIOU,NA,2,0
47-02-60-23,ZIGUINCHOR,1,6,0
59-38-81-43,THIES,1,6,0
59-71-42-67,ZIGUINCHOR,1,1,0
05-15-83-67,SEDHIOU,1,2,0
18-50-60-58,THIES,1,4,0
66-71-62-08,THIES,2,2,0
89-83-50-55,SEDHIOU,1,6,0
91-13-79-77,SEDHIOU,1,0,0
24-60-62-46,THIES,2,3,0
66-81-18-40,THIES,1,5,0
73-16-84-35,SEDHIOU,1,3,0
28-85-38-97,DIOURBEL,1,5,0
46-14-42-95,SEDHIOU,1,2,0
03-20-55-14,SEDHIOU,1,1,0
24-79-09-32,KOLDA,1,2,0
00-37-03-04,SEDHIOU,1,2,0
05-00-38-66,SEDHIOU,1,3,0
97-31-24-21,SEDHIOU,1,1,0
09-96-26-86,SEDHIOU,1,4,0
10-36-48-36,SEDHIOU,1,1,0
62-64-97-88,SEDHIOU,1,3,0
08-48-60-08,SEDHIOU,1,2,0
64-61-73-74,SEDHIOU,1,1,0
53-50-98-67,SEDHIOU,1,1,0
